file,model,rows,grid,cold_process_wall_ms,cold_detect_ms,first_call_ms,repeat_median_ms,all_median_ms,intervals
time_series_0.csv,ar,4600,4608,1896.2141660013003,25.15895000033197,26.274548999936087,21.85727099822543,22.388866997061996,306
time_series_0.csv,stable_ar,4600,4608,1928.1148449990724,52.822182999079814,44.13058499994804,42.84041750179313,42.918725001072744,18
time_series_0.csv,seasonal,4600,4608,1641.6012450026756,133.0068150018633,152.6816340010555,127.77779899988673,131.1751680004818,96
time_series_1.csv,ar,4020,4031,1345.554378000088,15.175420998275513,32.67389399843523,17.426277001504786,23.08510700095212,188
time_series_1.csv,stable_ar,4020,4031,1362.458797997533,28.44738899875665,56.31841500144219,24.203356999350945,24.213470998802222,20
time_series_1.csv,seasonal,4020,4031,1467.8766959987115,153.12578099837992,115.17636800272157,118.57243050144461,117.6235450002423,261
time_series_2.csv,ar,6336,6336,1319.1118690010626,19.98463299969444,19.606190002377843,20.72433450121025,19.83179500166443,122
time_series_2.csv,stable_ar,6336,6336,1365.1999440007785,41.81892600172432,67.62442299805116,37.097585500305286,38.533723000000464,78
time_series_2.csv,seasonal,6336,6336,1503.076704000705,166.669644000649,177.36573499860242,159.9429340003553,161.34636500282795,394
time_series_3.csv,ar,9216,9216,1318.2909810020647,27.572603998123668,23.78196900099283,51.041233498835936,25.308331998530775,154
time_series_3.csv,stable_ar,9216,9216,1383.3378689996607,57.67008999828249,78.07828899967717,50.34734299988486,50.4384800005937,34
time_series_3.csv,seasonal,9216,9216,1588.4251659990696,233.69820999869262,275.62974900138215,213.51539950046572,213.71916799762403,844
